first_name,last_name,email,company,title,industry,location,message
Alice,Johnson,alice.johnson@example.com,Acme Corp,Director of Operations,Manufacturing,New York,
Bob,Smith,bob.smith@example.com,,VP Sales,,San Francisco,
Carol,Williams,carol.williams@example.com,Innotech,Product Manager,Tech,Seattle,
Daniel,Brown,daniel.brown@example.com,,Chief Financial Officer,Finance,Chicago,
Eve,Davis,eve.davis@example.com,GreenFoods,,Food & Beverage,Boston,
Frank,Moore,frank.moore@example.com,BuildIt,Head of Procurement,Construction,Denver,
Grace,Taylor,grace.taylor@example.com,,Marketing Lead,Advertising,Los Angeles,
Hank,Anderson,hank.anderson@example.com,SafeBank,Risk Officer,Finance,New York,
Ivy,Thomas,ivy.thomas@example.com,HealthPlus,,Healthcare,San Diego,
Jack,White,jack.white@example.com,LogiTrans,Operations Manager,Logistics,Atlanta,
Kate,Harris,kate.harris@example.com,,CTO,Technology,Palo Alto,
Leo,Martin,leo.martin@example.com,FinOpt,Analyst,Finance,New York,
Mia,Thompson,mia.thompson@example.com,CloudWorks,DevOps Engineer,Tech,Seattle,
Noah,Garcia,noah.garcia@example.com,,Owner,Retail,Miami,
Olivia,Martinez,olivia.martinez@example.com,Eventify,Event Coordinator,Events,Chicago,
Paul,Robinson,paul.robinson@example.com,SecureIT,CISO,Security,San Francisco,
Quinn,Clark,quinn.clark@example.com,,HR Manager,Human Resources,Austin,
Rachel,Lewis,rachel.lewis@example.com,GreenEnergy,Project Lead,Energy,Denver,
Sam,Walker,sam.walker@example.com,MediaHub,Content Strategist,Media,Los Angeles,
Tina,Hall,tina.hall@example.com,,Sales Director,Manufacturing,Cleveland